D,L,M,feed_temp,n_reactor,Pump Operating Cost,Preheat Operating Cost,PTSA Reactant Cost,IPA Reactant Cost,IPP Reactant Profit,Reactor Operating Cost,Reactor Wastewater Cost,Preheat Capital Cost,Reactor Body Capital Cost,Reactor Head Capital Cost,Reactor Jacket Capital Cost,conversion,CC,OC,TAC
2.6478765270398004,18.287787842611795,1.0004574992693795,349.4299087158208,2.172579567628733,8005.7168430083775,647178.9044574297,136416589.04481354,57946070.161872774,26240202236.738575,405281.9918101354,439538.2489854241,43073.423666926705,565741.8891113487,131352.87829716486,3629925.2467781096,0.5760810794683074,4370093.43785355,1060466.6131105735,2517164.4257284235
0.7809469199205874,5.470245073064102,2.382242908172191,360.76209690768036,5.305145704686822,7963.192958674495,665835.4280190957,69839998.11401238,55191395.856547445,8055975541.736777,96392.3823556784,364842.33067121834,43954.289369856095,256140.26386705483,190199.16589465126,877435.1396911695,0.44215504175462744,1367728.8588227318,770191.0033334485,1226100.6229410258
2.660368457818945,17.445268009522227,1.8178089989260697,418.5240923669134,1.21882686965143,10361.82425658441,1072030.575521041,318005553.12175834,210573438.3910928,80959502921.62556,62553.94523498305,561077.4910352562,61165.97874340568,273440.12903026503,65929.94676651,1763405.22609547,0.8886981398910229,2163941.2806356507,1144946.3450126084,1866260.105224492
4.105188183525813,11.015315256811046,3.2347593137830066,329.99643263142804,2.5828308977881815,10003.41492332385,794563.6395423919,198157908.13615543,187355874.97732544,33565300060.202026,674256.1084346934,606049.2658154656,43568.81081792318,534663.6167848548,201208.19792035088,4824025.816636979,0.7368973042550058,5603466.442160107,1478823.1629004092,3346645.3102871114
4.854281269884336,24.23827781726554,2.2536967126369714,396.2287138803177,8.002349326845346,7614.9636238397015,697817.0954470385,42761957.23876392,32633287.253435098,10102662900.716389,1191627.0928743556,172190.7676411231,47665.33059085395,4647839.625191055,980057.146102097,46462384.754504465,0.8871811119200411,52137946.85638847,1897059.1519452338,19276374.770741392
5.393988315147122,3.04106107287467,1.1562191329315294,333.52965034774826,8.016358602401011,7369.64886377403,554662.0537618634,35180202.504014984,16741929.329401325,6134280651.000754,386682.5838632163,197097.75238961098,41431.95217327577,981083.0703321404,1118752.4716413307,10959496.378064046,0.5386914303949042,13100763.872210793,948714.2864888536,5315635.577225785
0.8154942945400381,11.106583000121251,4.831558120602008,377.12983419676203,6.528098140464282,8551.175575206289,762401.9016729449,80760954.02583475,93280592.81279755,12652353312.886106,190035.60813964406,355641.6135942537,46572.9893220875,490653.126584398,230063.05934438194,1551683.3266360129,0.8333146164662841,2318972.50188688,960988.6853877952,1733979.5193500887
2.064214878284862,17.476022264358008,4.338502687589491,315.344593281303,6.993653076410291,8404.227971616361,613381.0455040154,76219357.3890091,83761406.262011,10732611607.346107,1079095.5563431901,359598.24244206364,41316.91817218405,1346075.6364412226,328692.0622199826,7223759.557650472,0.7068757806619528,8939844.174483862,1700880.829818822,4680828.887980109
5.935951261212344,18.955975705116145,2.1217759682576207,407.8635194141786,1.8247757925553598,10905.380393153308,1106488.8231645932,334804824.8448696,245784711.922734,81625339427.0679,381593.7410943173,617265.7304104592,58410.82515114794,559667.1847165496,158518.3338346596,6571581.84235851,0.8960070738951136,7348178.186060867,1498987.9446520638,3948380.6733390195
2.8253877755114547,22.806292074234292,2.174456593494718,347.6830406303618,2.0389282912250386,9055.39407174777,747522.022519612,168858156.34725595,125943595.22779204,35028457780.96793,639651.1403785564,474281.117737705,44088.547906531225,711649.148436721,138712.8708922285,4752030.841343692,0.7690196740296977,5646481.408579173,1396228.5569699162,3278389.026496307
0.3613600077542082,17.292052790557385,1.8465124640002362,345.0155991246671,4.9276695426499035,7936.690884912697,631429.9962542267,79897975.21078613,53474605.80377954,5487930364.018718,251048.17312453772,444703.46880527644,42678.914950216276,261346.95623308735,140493.62317346604,601581.8563026361,0.2409655855261998,1046101.3506594058,890414.8602636771,1239115.310483479
0.5568346344232122,14.778822531808313,1.5869142996232406,383.8666644283941,6.59106929656724,7584.1592884521915,670778.4402719091,50874124.92221918,30637799.01161929,9880312196.096418,189215.65878660142,232133.57034597182,45836.47454289339,463293.3152271226,217777.46046482038,1215171.3022448737,0.6507412782941903,1942078.5524797102,867578.2583469627,1514937.7758401996
0.8384229657599986,10.93734370766964,3.7776006309109804,362.8515123432283,1.3991281369792365,13866.33913958094,1281797.8862312248,426316900.95930374,437594023.45858794,22817341153.514675,66038.79498924142,1341510.3200119117,52405.76891342625,82427.45411951488,38550.61480012201,264373.7638652981,0.25046755363626216,437757.6016983612,1361703.0203600472,1507622.2209261677
3.3314043340141914,16.93107148527493,3.0595564482332342,426.5013707188976,5.686574773610923,8205.428443596422,828444.5377992615,77326584.0586957,70883279.99660362,17330212770.92011,86060.67332773356,267129.24626687414,57428.70492577428,1596620.9226543605,403711.3630112409,12173845.035797292,0.9511748033051726,14231606.026388668,922710.6395705915,5666579.3150334805
5.44456101290533,4.299392899509701,1.5571053890030342,410.0369546451428,4.177437927514413,7807.310880296471,746948.2316094373,75899326.85257767,45093438.84497463,19286488929.40679,91961.60762304501,224946.999250643,50847.57439739603,639638.1413671294,566134.372491712,7226427.476472024,0.8468365648531812,8483047.564728262,846717.1501127788,3674399.6716888663
1.2007866334223634,23.260205929504814,2.3910634389820262,403.24745237633863,6.800723902950107,7823.8235960447155,735475.5725878066,58281245.465449005,46163123.67022902,13858320482.431934,232309.83354815358,208260.0375055667,49396.03652688441,1108205.9796194164,253949.19771831136,4048161.243934149,0.9127425335113681,5459712.457798761,975609.2297320049,2795513.382331592
5.329010024433407,15.968132969334613,4.003769736109349,355.0178010373411,3.1567238552025585,9497.728066910659,809569.8156211512,146272178.74620315,154597753.00133765,26693544268.785465,1307555.8686106848,476756.102215425,45310.41437086735,1335244.642168313,413068.3881040449,14528123.911008643,0.8790507210154199,16321747.355651869,2126623.4122987464,7567205.864182702
5.401345754627385,11.274188556911078,4.859360188593542,392.76297973821374,5.967348804470883,8849.113097783586,830405.2083326268,97220450.91473922,112580824.9268709,17328294276.019547,652329.8360173384,372693.40389206284,49572.647468761505,1695517.6097353967,700445.8569547287,18820836.39031915,0.9510695060399974,21266372.504478037,1491584.1574477488,8580374.992273761
0.9097893444819073,23.78774220896971,2.799648533919762,382.5567537264558,4.261013054062637,8362.79224794009,753680.9183020792,93067162.52650678,81077222.41753004,20180416865.46662,257485.53300416403,310995.83384464565,46998.20836690674,610214.9413170174,156877.45796493962,1876166.9281869647,0.88608740337387,2690257.5358358286,1019529.2435541833,1916281.7554994593
1.6129051363974094,22.68110849349409,3.2947179466891434,313.49443924373907,5.9309878598295835,8289.531973563207,599244.4009971371,79925907.21545999,76331461.3331816,11436564375.722895,958978.207223171,368221.5444407302,41141.463345950215,1136287.4514721737,238475.75321863857,5066783.647723009,0.6276998450254812,6482688.3157597715,1566512.1401938712,3727408.2454471285
2.128208185189553,13.649394454182623,4.543768397243098,356.0223712003,8.259195855849196,8126.854159219135,672879.7270997195,58582564.56482616,65793280.20886156,10298890480.717468,719934.8652785505,271809.1614954716,43742.024449267534,1515534.6010700972,447068.91772164975,8390190.138461461,0.9044131431503808,10396535.681702476,1400941.446537489,4866453.340438314
3.8343206658028657,1.3797098283173508,4.717748934975045,396.0576301020309,8.96860957510733,8165.743330769469,760176.9610325353,59784482.29881522,68312499.77930261,10848929252.191984,59399.65493862269,269905.7308248691,48776.85059751488,459368.8411433799,746590.2714103477,3826977.6530495957,0.9527156564254985,5081713.616200838,827742.3593019275,2521646.8980355402
1.2409579229856391,4.291257991093066,4.730381852148654,396.768179378788,1.5273413800492794,15570.110048473538,1605999.9686783121,478974038.8827039,547963384.5460346,35223002526.43147,22935.74543066998,1384123.573782407,65898.2853723567,57985.486981546834,42799.54585834711,243566.67624651248,0.3866453683259338,410249.99445876316,1644505.8241574557,1781255.8223103767
4.5939125524641815,19.09302852306991,4.692098142185934,398.5329710354166,1.992924986157596,15501.65081579236,1605838.4871902233,476858221.9975772,543528632.3548088,86884968870.9682,530874.1411596938,1016752.5580230996,66529.59181860095,456449.0044686286,114604.59823212062,4413371.402733543,0.9537423950696421,5050954.597252893,2152214.2791657094,3835865.81158334
0.36431076957882463,1.6290636850652627,1.1132259520831784,342.6953281123655,7.871623309976275,7395.586617779737,574033.3168495022,39866503.702290975,18422163.052557204,579733525.8018246,41244.5848638413,317877.09956272645,41978.732477857535,164767.60899012038,245969.48647079337,646923.2651281409,0.044546428917419625,1099639.0930669121,622673.4883311231,989219.8526867605
3.348278619964504,14.26772748845838,4.368123569438422,328.05079781438934,3.230677595299005,9714.908201563601,762598.1045029002,152984398.23824495,168666565.05665714,24038559910.66214,891658.8786259217,534488.6579724518,43160.94940843626,838535.9153535432,243432.85470735905,6451060.937794633,0.7916188726706455,7576190.657263972,1663971.8913303856,4189368.777085043
3.6181158108851554,24.270297959672188,3.24412087702284,315.38767472475314,7.397055054718125,7939.941352572883,572119.3188226045,56690457.08689802,53685169.34669357,8490285906.060793,2685818.3774855495,289691.3165755822,40980.78187771196,3200909.6613870254,614347.6565320736,25644441.18439296,0.6523892456966416,29500679.284189768,3265877.637660727,13099437.399057316
1.5896020745858674,20.3705246948507,2.551442576256687,416.7750225471314,6.969501925470105,7871.6221361486905,767963.561294464,59758518.20537866,49259487.33312155,14130905510.838821,138745.44652714382,213082.80243426972,52821.13394310774,1239440.5483993927,284175.74842225097,5501814.844106872,0.9306956433229626,7078252.274871623,914580.6299577566,3273998.0549149644
3.4483813454449086,4.2749254158564405,1.2396707580488466,327.71121468888845,1.3559695095726463,9327.992885679127,725804.2077401855,286053721.5679018,143602399.45420948,21366785185.698864,132752.4924471463,992604.2856860175,42796.616070962795,113620.92065573602,83558.19106909483,908673.7518514082,0.23454469907459718,1148649.4796472017,867884.693073011,1250767.8529554117
0.8680912423600342,6.417024126588513,3.8519559215307067,380.31603784649707,1.1003222814713356,13999.301857838109,1363185.8106534786,430426277.49425626,446207276.6758483,21697043410.49414,31287.27814961328,1358540.1732633347,56727.305266456926,59806.64873570041,38824.02781146634,207833.7193273374,0.23816996676359728,363191.7011409611,1408472.39066093,1529536.2910412503
0.663852108214549,24.21463192000653,3.2724018476797685,337.54518815931885,3.0160826991168843,9061.782121073675,724262.1729738886,132798732.4763606,126357409.61974758,14301983187.093998,345401.75787246565,561425.9427907051,43265.65816953541,368766.9748461226,111235.10709937707,957252.1013447219,0.4709816166025904,1480519.841459757,1078725.712967428,1572232.326787347
4.526998660931785,5.690307546623651,3.325435709093031,429.55239869059744,7.7661621239053815,7960.713899040688,804467.1238404847,57332458.214318596,55030803.7097671,12466610488.943634,29482.879352370503,227466.72096713632,57926.34045379428,1204785.3225472986,788361.2272912607,11818130.587176617,0.9579280018674016,13869203.477468971,841910.7170918959,5464978.542914886
1.6291246150986205,12.85047314244952,3.479822873525519,412.6277079460214,2.2527632432222133,10222.527220361239,1039221.0385849593,204929843.48590866,201549851.4704082,43128436239.53153,62792.10882660822,530026.4455827654,58269.34175838084,295642.75099944544,95857.16263995788,1365397.6629364917,0.946847736937925,1815166.918334276,1112235.6746319288,1717291.3140766874
0.35681316252010475,2.680531449261336,2.9453804437481272,385.9095353983996,5.545122982320986,8164.59435690386,738922.6486546064,76064556.32731257,68238069.87162463,2327625766.441374,26897.889340357833,466214.4479151329,47129.991349873315,134071.1264095507,175501.5721484299,485180.3680366195,0.12775255617622627,841883.0579444733,773985.1323518681,1054612.8183333592
2.0748338536024242,24.726787705898772,3.3189808769831877,358.76694071482603,5.402076270751996,8298.209406299715,696103.6922759825,80194093.9593716,76893580.74842036,15972262278.552013,821225.0856606269,304632.54866342037,44194.6785915079,1483480.637765294,274815.9276764672,7876187.280067388,0.8766432144810724,9678678.524100658,1525626.987342909,4751853.162043128
4.535672977712387,17.061589442876432,2.0596782306512376,321.11018013141296,3.9569727413337095,8338.914802685445,619873.8994641209,110457627.87948258,79530454.3846913,18199007181.886917,1259682.6872540892,423390.2786119644,41570.76982158006,1236255.6381318395,338636.29281760595,11881796.126550239,0.5993153334722151,13498258.827321265,1887895.5015208954,6387315.110627984
3.8708756653739957,6.04417623795615,4.011022214955256,321.1343777624938,3.0799176376425423,9502.05104690494,725577.7658634249,146405785.76614398,154877793.3151336,19158264899.25034,466690.21704256407,561840.5503906495,42499.626249066816,480028.88187990204,282857.9910272731,4182448.8321316154,0.6309048511322576,4987835.331287857,1201770.033952894,2864381.811048846
4.877338741524236,5.642422782959866,3.5578435235197605,376.110437094848,8.389215683490812,7906.474327947198,690726.8460066767,51771454.50874199,51517193.531309105,10335100032.36841,469720.5373972693,229798.3246608763,45430.5510232348,1448281.610262482,985772.7203921635,15036686.031678827,0.9075929414482659,17516170.913356707,1168353.8577318932,7007077.4955174625
1.7639564303008881,2.5830661764165708,3.940263853154678,405.8113635451896,8.253448661503157,7991.955209874467,760183.3888678333,54413346.42388432,57054598.98544746,10770754920.944818,45193.38558972833,238831.8711449529,50336.10282777556,422154.5243189636,399451.8564973706,2167735.935491735,0.9458506555043505,3039678.419135845,813368.7296674361,1826594.8693793844
5.608839397881814,1.3348377514143284,1.937448344485682,387.1634028401989,8.582640402294055,7544.273894966138,672622.9947042001,40577204.12222992,28054044.721179817,9630580594.240463,74952.42735766005,165568.55184339522,46192.159596647,569847.5429265649,1176780.6086579557,6331851.898230896,0.8457244673013841,8124672.209412064,755119.6959568262,3463343.765760848
0.25,16.172474890548873,4.671495236423254,406.58799574051045,6.306308481684581,8503.471289483183,821629.3800579008,79286594.33360846,90190334.89789121,7396570441.608894,105349.67862352109,418203.3941871393,51776.5058367785,305921.288848119,207703.18568537795,707559.438862987,0.4871560340033838,1272960.4192332625,935482.529970905,1359802.6697153258
3.3152274614675927,13.446209794316802,3.0072163489311463,417.2316887925504,5.553744006999902,8186.709447761552,806781.25002876,76748050.44228074,69670673.53659786,17180219836.682285,156672.66758595512,266180.702536156,53893.532421838194,1322615.3685177672,401791.0385548307,10117263.036154503,0.9429423885271945,11895562.97564894,971640.6270624767,4936828.285612123
6.0,14.23458796514128,1.0,413.55382727564074,1.0,8899.411742207998,884041.9507268309,272807893.5840233,115839144.0,66114112390.28969,175710.3053370653,545777.7120923651,54795.80570324122,446282.95442280924,160807.27754934697,5331914.350880593,0.725739247172452,5993800.3885559905,1068651.667806104,3066585.130658101
5.5968852693573545,1.0,3.630946778948565,401.7536188270245,8.99,7922.814805326564,743961.9223363841,52276477.083437,52575720.84786987,10721463418.662205,39273.14948721493,226150.12387350388,49324.62848083201,474806.1819374999,1173510.4357369274,5145476.282562746,0.9415220452920671,6843117.528718005,791157.8866289256,3072197.062868261
0.25,11.814483354582928,5.0,417.493177708133,1.0,0.0,0.0,0.0,0.0,0.0,0.0,0.0,0.0,0.0,0.0,0.0,0.0,0.0,0.0,100000000000.0
2.68055447121312,22.15297741246547,2.1453019469940413,315.15234203804556,6.642288527463152,7750.578155706158,554792.5445702972,56017504.93904547,41418323.526887186,8841680483.706833,1529830.571567184,280362.47157254186,40833.50740865909,1999135.4699520099,398048.12065306486,12853828.389994225,0.5823344795227592,15291845.488007959,2092373.6942931875,7189655.523629174
3.4187933429988933,14.996762097016273,2.484157202705158,410.00777679170153,3.1722296177677896,8591.933686734761,839550.11463169,118277488.05262606,95920881.30759999,27907768607.654682,184259.40337793494,330726.5180928614,52896.87472917693,887216.8962121557,248518.59718648402,6922412.211788517,0.9190365981177573,8111044.579916334,1032401.4516963597,3736082.9783351375
4.249938722368638,16.425360284509743,1.400904994349744,414.3357813616663,5.351486636017197,7612.225716227773,732127.8358233592,58992923.31325495,32455927.07415984,15136432756.429346,245727.22016917955,188560.85226488148,51401.05957364163,1895132.5280950645,523179.7230377779,17362184.92635634,0.8307684181464471,19831898.237062827,985467.2817087665,7596100.027396375
4.6542952778006565,17.07165068627519,1.3138320327023703,419.2307982752478,6.118595642582223,7502.7713105087305,728252.0121828222,48358729.24460363,25365529.671337098,12489276284.881538,233480.58637961498,164297.97354102382,52451.619187580916,2526111.994237649,698460.9110863616,24756465.140063,0.8225739686448481,28033489.66457459,969235.369872946,10313731.924731143
0.25150030153384456,12.304488281714216,3.7093368974955077,408.7963586737759,3.8680745844317412,9322.225690684389,922841.6266469507,140848061.6993651,143228803.6711651,7448222227.461785,37946.91329726385,661221.1863140127,54483.35152568099,132209.52488063084,103869.50099007979,333407.75464609737,0.24527897282601127,623970.132042489,970110.765634899,1178100.809649062
4.122324335939105,10.86985781363731,2.226215271632692,411.0130521301645,6.726411557177672,7774.693130124951,745011.0093685148,56762807.91807978,42980478.57094309,13777803162.891666,227882.81421871478,199420.17962073235,50999.108199363276,1592360.3444142595,606457.83618746,14416692.646741344,0.9074394679399017,16666509.935542427,980668.5167173545,6536171.82856483
0.668191709872526,14.339999442203483,2.144903611323653,411.3391764261052,6.821813803213505,7750.459437873904,742779.0876083088,56013835.81825329,41410633.04970677,13336015176.07901,89310.0515398527,202716.98078113928,51015.26860294062,511350.1083665208,222672.3799505431,1437150.1712938468,0.8783422417017404,2222187.9282138515,839839.5985860354,1580568.9079906526
5.470563637031456,13.10575812216152,1.5733805772052147,416.0158464877029,8.99,7462.895287667367,717430.0291427658,38062098.0559274,22782382.40620975,9781676544.989218,321228.6365066834,142083.063755241,51425.17616686982,3096327.8180599893,1139252.59670946,34567273.4308618,0.8589931940627602,38854279.02179812,1046121.5609371166,13997547.901536489
5.284630417320525,20.902890481122572,1.0,416.4923185210698,2.405855601583913,8005.307791103999,783453.9163259305,136403946.79201165,57919572.0,33304234750.776943,207282.36515430006,346762.73558025685,53128.371757162895,1102779.1500199998,272456.79025311425,11817416.505127532,0.7311658398437003,13245780.817157809,998741.5892713345,5414001.861657271
4.336488941628479,19.983191158561457,1.5719228330987325,422.53708476531796,2.370758247649017,8516.666255904169,858094.630942012,152208109.82164237,91045097.71010603,39587448236.3616,110941.26679780352,338286.9479085518,56836.1677901714,904077.1589970955,214186.27116102018,8356489.846345964,0.8691083897771615,9531589.444294252,977552.5639957197,4154749.045427137
4.51645327031203,10.270208149949333,2.294701532767086,410.1945764396427,2.1539713303592487,9162.905547051454,907424.6216269826,172180930.87865934,132908130.6456136,41443138341.86809,146300.9209367036,410186.09887254937,54478.73581558773,545433.0485835987,224625.19877288997,5297320.275805541,0.9098484705697595,6121857.258977618,1062888.4481107376,3103507.5344366105
1.9365089385264462,4.640842171495761,4.407059444429241,400.2491136565795,6.461988643086195,8424.66026067146,798704.7066619598,76850842.4421049,85084998.93329982,14471766248.518127,83919.94064796006,309123.352744746,50150.71297601012,483980.7932833662,315925.46219237207,2595887.638120682,0.9531455566207802,3445944.6065724306,891049.3075705913,2039697.5097614015
3.857425102833936,7.571252779344745,3.17308881032345,405.45827062055827,5.6571984273036575,8246.032337005634,789117.5950754074,78581497.38320222,73513578.32476938,17052745977.835297,179850.83025749167,278868.1694034864,50873.18042716383,948394.300961821,469656.02710615884,8222722.503822486,0.9359459410964515,9691646.01231763,977214.4576699047,4207763.128442448
2.198436904826828,7.150416125783287,3.110655765836506,381.5925688156404,6.858888360990857,8038.287043586285,716121.4748416273,64909502.39704818,60055950.19886088,13777745776.590027,201293.97444905917,251978.7643463188,46315.528578424644,715797.990004458,342716.4406409532,4134451.580841285,0.9074356883391622,5239281.540065121,925453.7363342727,2671880.9163559796
0.3119176892157787,22.290475411818065,1.0,419.03552552636074,1.902109136051198,8899.411742207998,896687.7893674446,272807893.5840233,115839144.0,15838724791.182285,14771.905264215677,998539.7468122034,56709.057610151634,70266.62344990337,34883.17426509882,148220.5027757269,0.17386279253463205,310079.35810088075,920359.1063738682,1023718.8924074951
2.535780517633236,5.367906923669697,3.4768773930800903,391.59334752825714,5.721213661755893,8354.679765862833,772127.9917512106,81939379.95796393,80551700.20146985,16937092854.838665,128165.47039946611,299505.6557881764,48378.635376112805,537167.2843330656,317195.0571767792,3442408.280888943,0.9295982788967961,4345149.257774901,908648.1419165396,2357031.2278415067
1.3919897174565543,20.887364076623502,2.6805258274135975,410.3072397041327,5.1171543320996316,8069.871333330726,778512.2067633278,73137024.64404537,62101963.46349657,16944347225.924,156729.94604313324,248479.6209373273,51599.002833022576,951123.3460761684,223400.06608765913,3854251.8180433274,0.9299964375969464,5080374.233040177,943312.0241397918,2636770.101819851
0.6422144125149708,8.717783771837334,2.525313657027116,386.4514080122736,3.7771569664207054,8616.465785683224,790148.9825281585,119035682.7788873,97510057.45384356,14706476184.27728,62439.43105509883,502144.005410588,48031.71491267509,180753.4722921015,110737.91063247604,543784.7482136574,0.48430206057358627,883307.8460509101,861204.8793689406,1155640.8280525773
6.0,6.058810645832459,5.0,396.30429717809267,5.2797770108156525,8899.411742207998,844248.6669189617,98774992.45726267,115839144.0,17406939097.112526,372313.69129362574,379158.27532063803,50374.352189168356,1123499.356806136,804036.3877467348,13664128.514240107,0.9553859546158396,15642038.610982146,1225461.7699547955,6439474.640282178
1.014823623731968,9.187345839397564,3.2108513680668356,396.28541918426305,5.124693212039545,8259.537797838497,771332.986195896,78998900.28055379,74388454.79761824,16316075894.913717,97005.1751709218,292786.31788404135,49014.75130778563,415752.58266101935,201356.89964307356,1486617.3132318351,0.8955135453442475,2152741.5468437136,876597.6991646563,1594178.2147792275
5.339812150243902,4.72058576069107,3.1673463632742886,385.7449307796261,3.5839717041544175,8999.161771945617,830926.5979667522,130863373.47730906,122300897.15773556,27652411547.778694,218811.94148545177,396315.69850389834,48617.84324073871,507598.30734236684,414139.14627456345,5650854.607399315,0.910627381067369,6621209.904256984,1058737.7012241497,3265807.6693098107
3.21385536578724,9.202786896683545,2.3207428695794463,388.3746455157334,8.881982401264645,7629.950182296854,684463.1273943051,43225135.2819835,33604108.43202334,10022819663.29385,373875.7443484009,177292.3039101826,46511.621134083674,1533431.5602081097,623850.2790789312,11567571.164616248,0.8801695533980992,13771364.625037372,1065968.8219250028,5656423.69693746
3.277520062617751,8.597596589147642,2.3889133317905786,392.4160867608125,1.1909543849721644,11383.077537597954,1115183.7577010887,349568643.3191419,276729675.4448086,79974339758.89723,120885.84103096391,686004.2685588474,54768.61507766254,184622.17380840617,79468.04725163378,1414887.3615328202,0.8778839347809273,1733746.1976705226,1247452.6762696505,1825368.0754931578
5.779670219782452,11.978865045033256,4.2377304454442815,385.06772667715853,5.780576405094324,8626.792453994178,788217.5500614041,90349357.65793101,98179013.46060087,17025355685.803291,840749.3050313364,342688.0206471813,47833.38233842497,1880792.3446078387,765027.6219460267,21946772.03331797,0.9344426153161856,24640425.38221026,1637593.6475467347,9851068.774950154
2.7565834752311433,13.343956321660212,1.0642828112851075,389.5372546211006,4.494983326070057,7586.993573331042,681889.2671668112,69090149.18717714,30821402.458295103,16066658436.084723,248896.1227222587,238551.05382871997,46594.792444478975,909671.214012834,271641.1849392051,6073160.917622508,0.7054593445434267,7301068.109019026,938372.3834624009,3372061.753135409
3.075180706635279,11.434582915297332,1.5459841699374315,381.1421070187303,2.8064005763535635,8493.474394685296,764926.0336200765,151491336.79275173,89542741.4415513,35941609417.07497,203603.0341169895,384879.45087654924,47022.33950456125,438794.59105054685,149627.31218566687,3188272.3840277423,0.789067133096544,3823716.6267685173,977022.5421317512,2251594.75105459
5.873301537205669,9.956839434502223,1.2220967441467274,386.94775687922186,1.9885500795476587,9296.566895145847,866756.4304610558,285082462.63323313,141566640.72714394,67036838754.28161,293887.44459337107,583162.3119299139,49377.49519137782,328136.7208056503,156296.02516113006,3893897.748351658,0.7358680791651813,4427707.989509816,1169940.4419495726,2645843.1051195115
1.947344153104534,13.711749947814384,4.953597980136839,385.72338834361926,1.2432165697426028,15969.266892442281,1602086.4643272543,491310472.6580598,573820549.7391803,79000359969.70802,152257.42193384553,1114702.5917730043,62351.72469455814,177630.51309409208,52831.08901292081,923763.4889949308,0.8671924903462718,1216576.8157965017,1770313.1531535422,2175838.758419043
4.442183595675724,7.136279857318251,1.0,399.82865127565816,2.3666603726255047,8005.307791103999,749582.1874466374,136403946.79201165,57919572.0,31950517619.66697,116416.5012220441,365535.9678664139,49134.3221051737,404088.03822459845,220281.22765308231,3899828.333745647,0.7014461441207489,4573331.921728502,874003.9964597855,2398447.9703692864
6.0,8.156454020257797,5.0,379.0125859890623,3.5998700895274207,10091.550343679999,933808.8336100586,164624987.4287711,193065240.0,28502567313.75959,635148.4388063559,531432.1864836941,49411.73342022517,853234.9739125059,482421.8326480409,10333784.305639986,0.9386240394180109,11718852.845620759,1579048.8227600944,5485333.104633681
5.110352358370956,11.959959069853898,1.5459149011062991,380.1056433921789,8.267737983506576,7456.755995287422,649742.3179680678,37872355.665142596,22384682.355124794,8916655822.80263,830063.1456752684,159987.17855854498,45175.5041245812,2721291.5163417645,1044589.7268979984,28919562.3423664,0.783030049129066,32730619.089730747,1487262.2196386238,12397468.582882205
4.923300966047437,2.2029694769024837,2.9147728004955917,403.6758005499116,2.9602012037618954,9717.313717493578,956255.0864516796,189315598.07156605,168822393.0819461,42129149122.94738,51379.05274044608,477327.2835156489,54015.11705382063,182678.2432662054,249305.6012769612,1883709.5715783774,0.9249092474542356,2369708.5331753646,1017351.4529096192,1807254.2973014074
4.276873495188949,1.8271538871140678,3.5349843905728746,380.2412446909125,4.72496797334156,8691.525595351086,784540.4122207756,103227071.42288122,102372391.46433087,20653946833.639744,81394.95577690858,356753.950139176,47229.043405178985,293155.7365096861,421587.6884285142,2692156.436315894,0.9068792900189991,3454128.904659273,874626.8935930353,2026003.1951461262
3.788944947673216,16.144040211554227,5.0,380.352019168468,4.738508740366682,9346.46371776,856175.7443183721,123468740.57157835,144798930.00000003,21441948687.02172,721776.5454792031,441267.04393615806,48357.056100443944,1362877.2381390727,368553.09220279485,11458861.987612283,0.941479096394252,13238649.374054594,1587298.7535153353,6000181.878200199
5.485534432801659,16.654866934260422,1.0,384.66367072633415,2.9627546853662277,8005.307791103999,718756.7933685182,136403946.79201165,57919572.0,30458379000.015537,497736.99434819707,385619.7275961717,46670.98491513582,943392.1608694283,285821.00860095705,10478482.590740198,0.6686875236280441,11754366.745125718,1224499.0955078192,5142621.343883058
5.562884820346378,2.3795468222184244,1.0356154649620395,396.30671874641206,2.8211065617579214,8037.151719046965,746050.0205486249,137388122.59696501,59982404.487182334,32040374677.946938,57284.70746385005,369136.36248359614,48553.17337854299,210050.54309017953,291058.98640122585,2387927.9851537193,0.7034188785785382,2937590.688023668,811371.8797315219,1790568.7757394114
2.358133158669754,7.4062397058660006,1.0,375.7786232984194,3.6946992835707495,7707.273140736,668629.3767991099,90935964.52800775,38613047.99999999,19419754896.9934,130645.67760219511,310906.013298776,45085.85076413837,386469.3666889148,180098.17735328298,2341606.1637073043,0.6395160332495441,2953259.5585136404,806982.327542041,1791402.180379921
5.032284671195663,11.895160413995962,4.92893768117883,397.60690514270453,1.5645251433080258,15925.16915097476,1650230.8471020726,489947577.6570675,570963921.8171006,87034027378.46962,414729.6535632491,1051468.7020254298,67158.52280768058,334505.6789594985,128083.81541034457,3514038.4460710115,0.9553786207574366,4043786.463248535,2080885.6698162965,3428814.490899142
3.2238995317847556,17.936108609280186,5.0,387.1721747247318,6.13113943779243,8601.37709184,790072.9791045332,82312493.71438555,96532620.0,14406320160.037308,726511.1476462209,338819.804460388,48119.187540891835,1954969.8423288828,469286.9577446119,14519237.100387247,0.9488351188094941,16991613.088001635,1525185.503842594,7189056.533176472
6.0,14.754647555094428,4.7492145253434765,390.64929531573017,1.073460349244131,15603.78678350022,1583141.3010662422,480014859.84745586,550144945.2881546,86289487635.0373,811015.7731468269,1030009.7307058884,63421.59101614933,459577.9882727339,160807.27754934697,5484807.758766331,0.9472057557918033,6168614.615604561,2409760.860996569,4465965.732864756
2.110663547964191,15.739229937231055,4.551236778383712,394.67224163124087,4.809969638351005,9145.843232981357,868426.5916345902,117268317.45007154,131802843.13732173,21673035845.759186,268947.02898893214,410393.6274897208,50560.54833958547,841144.1133306042,222317.05657523093,4604923.034297245,0.9516257361690292,5718944.752542665,1146519.4638565038,3052834.3813707256
3.621988563139607,14.675121662590366,2.69210645645353,401.5719704510019,5.605407415959593,8074.013047803075,761061.6960197816,73265029.42982468,62370261.49449004,16708646799.994558,351964.15505358257,253238.17720002,49631.05279478447,1521708.283802074,439307.7692584974,12404410.101816686,0.9170599370913916,14415057.20767204,1121099.8641211672,5926118.933345181
5.521980701404435,19.73763360511089,5.0,404.0309081120021,5.952951950010607,8899.411742207998,862073.3392449488,98774992.45726267,115839144.0,17511574801.673008,863260.4275171156,377755.9866758514,52116.08785591086,2726300.565482254,720706.6853538764,30263331.39964285,0.9611289219423007,33762454.738334894,1734233.1785042724,12988384.757949237
0.6235636731300995,20.167393969964593,3.7902700492952754,403.2037323774796,1.021551628346208,13888.994693652117,1438992.676439259,427017098.75539845,439061638.0392026,46440208710.51971,43610.07398030084,1182398.4367136105,64497.829247377544,103098.66828013661,36772.83966020494,267277.73701780377,0.5097774270815775,471647.0742055229,1496491.745113212,1653707.4365150528
1.191805389920084,19.33078286150866,4.431809952149484,398.9166698868195,7.443380869030033,8243.346351073966,775029.6025338881,66067562.17146879,73339581.6039539,12442717505.150278,270073.33998688,280589.350908596,49480.04881430049,1115773.7825695062,295541.5993535841,4109185.9220560556,0.9560920771592286,5569981.352793446,1053346.288871842,2910006.7398029906
5.79963466602357,9.89797133330115,3.999149066913184,399.7343940109524,8.83879947537308,8005.1175854452395,749368.7307576404,54820145.84874373,57907250.579952754,10771271390.920221,605545.1714406635,241356.243138379,49115.86893382586,2586232.4596674517,1229632.294102291,30400052.818063743,0.9458960101214009,34265033.44076731,1362919.0197837492,12784596.833372854
0.25,14.969132459638193,2.078607660083975,398.9133897925909,1.059429195943109,10828.186483352245,1071481.1589401362,332419052.0076734,240784132.05597067,7574648311.870613,22216.35316818426,1216269.7478355656,55326.10750444579,48825.38375441282,34617.197614229655,115767.9024140898,0.08314744560134865,254536.59128717807,1104525.6985916726,1189371.229020732
0.7396969898199474,8.783788975231708,4.112042680614712,402.1073566410641,1.4099079322302934,14464.391055691796,1501342.0816265664,444800431.85400116,476335504.2138736,32273223012.682587,23449.702881788508,1322978.5720630386,65514.8124356145,65934.38600212598,37688.860764382625,207214.93026159337,0.3542654317853769,376352.98946371645,1539256.1755640467,1664707.1720519522
6.0,19.084960285986213,1.8196816319349831,392.3353505093961,5.003544375116505,7761.997654745775,706936.1730511284,63621809.49885345,42158072.51917431,15386543174.973492,905982.1028920789,215557.67700856284,47340.40999964077,2838954.2132528913,804036.3877467348,33599475.023870975,0.844495816148305,37289806.034870245,1620680.2735979531,14050615.618554702
1.3987838016038916,18.66639058976158,2.30528463178826,389.5282303534911,1.2095663665605672,11233.532035402424,1089600.6231187468,344946755.4269178,267042198.4227072,69249427675.82315,100955.6575249217,770071.4354099722,53718.4943082582,175083.25831596553,44768.10971180443,716521.3255733196,0.7601558228883734,990091.1879093477,1201789.812679071,1531820.2086488535
1.2640774385374158,21.41920124072482,1.505557481311715,395.1018962981042,2.594566652570763,8457.32873265499,791288.6280089288,150374210.59877333,87201244.93897252,36284878738.87796,122694.58584609456,374914.64437106834,49208.135716535115,360449.42848729313,86155.27721367302,1368773.0101130332,0.796603315922748,1864585.8515305344,922440.5425876784,1543969.1597645232
5.505298330040502,22.971865567221183,1.0,400.7795716234745,3.4050912787590786,7707.273140736,717162.5368732697,90935964.52800775,38613047.99999999,21331717557.658245,541787.1082169292,281492.33954701485,48655.35465146219,1849337.5262483207,430731.7413835175,20372258.811454475,0.7024792777886875,22700983.433737777,1266656.918230935,8833651.396143528
5.787357901127418,16.136008088087323,3.8894957920197437,396.18985902490624,8.856116828274317,7980.607228861808,739373.4224015452,54062623.09704687,56319482.89239614,10711489389.290445,1076809.2171818267,237668.69506548168,48414.802154915385,3841416.255967192,1226194.4019891436,44481807.364175014,0.940646160334277,49597832.82428627,1824163.2468122337,18356774.18824099
0.8130672847558437,21.905884528107986,2.9540079279805815,390.3743639291956,7.053991526027422,7865.829599999993,714733.1421608363,54399942.11413556,48884249.96378347,11986770164.96278,307718.6542643901,217069.57772788234,47240.45212370286,924653.2573473898,268255.3237548353,2692846.6855942733,0.921057315711446,3932995.7188202012,1030317.6260252263,2341316.1989652934
0.25,18.27324908492397,2.1246867496776063,382.61435954687727,1.06661086016872,10910.585475490127,1033276.3108534039,334965694.3239069,246121894.3507962,6988557637.936487,39498.085964747435,1226684.4711113758,51540.85861621265,54703.97618766088,34617.197614229655,121620.22901942789,0.07671388718094975,262482.2614375311,1083684.9822936414,1171179.0694394852
5.480996214687238,20.96832004277557,4.985172437122028,385.86983432244017,1.7909180195681,16025.728585931127,1608991.6431986068,493055490.8209552,577478107.8086095,86124700658.95665,1111590.5122474905,1066698.6180526165,62523.33021302345,569630.3939100862,142757.64237077616,6274431.206209384,0.9453968776016431,7049342.57270327,2736607.8840320287,5086388.741599785
0.4297332157015044,9.81901877602197,1.821299408717362,401.81054597623984,8.753065143005006,7518.311589369391,697323.7673921951,39774807.09838013,26372220.559190676,7136208060.852926,104700.97177774504,209471.9456861767,48424.70414721327,411201.0516783056,283954.27986062085,1115021.613349888,0.6266772498042388,1858601.6490360277,809543.0507593096,1429076.9337713188
4.259462582964288,19.956271937032298,1.2448169727359832,382.72708384672995,7.979651297417767,7429.202632492732,651606.4305393687,40905448.03097876,20599790.365486804,9554613536.964725,981822.0999054249,169680.167988652,45434.96662310252,3114987.304900771,734332.4426089093,28407121.592875116,0.7341716388907087,32301876.307007898,1640857.7330772863,12408149.835413251
4.483931027813714,24.422006541640187,4.870076230881926,391.5573223599639,3.388079732789116,10014.106773472804,958628.3744985348,162231498.5292973,188048487.2667029,28861771242.380604,948981.2636272598,517823.4688460894,51698.32518450985,1643169.7582219306,334075.21210610843,15466703.500886157,0.9504530595461138,17495646.796398707,1917623.7448992673,7749506.010365503
3.580918067700996,24.81964720951287,4.161995171634345,406.2529786808005,2.6630413191885958,10832.460167434037,1093255.0034263546,223780572.27251154,241060979.00712782,43464778237.93805,385805.46143186,599011.4917446333,57646.677784443455,923648.2640757767,173660.38664814844,7336811.405815513,0.9542318363348904,8491766.734323882,1489892.9250256487,4320481.836466943
5.126162104969444,23.826011488134547,4.920895638682563,386.71699769547706,7.566671242287914,8368.287335290433,763203.1793277231,69929017.13811573,81433191.21404591,12314536200.15754,1744821.9451910127,304102.88029202935,47619.24574598977,4193493.8188665863,917568.4808603652,43710202.698882766,0.9462426909545865,48868884.24435571,2516393.4118540264,18806021.49330593
0.2992900396194118,14.401179789569468,4.989352844348245,390.4373858821448,8.759313620570577,8226.453862895936,755281.4113875778,61660816.05172821,72245295.32540825,6283011099.554596,200576.577508653,348641.0174420097,47938.726461420934,420380.4153699345,278605.7608810509,1005445.5352875711,0.5517524268887104,1752370.4379999775,964084.4427591267,1548207.9220924526
5.948968601717523,13.035413419541477,4.304666013495643,404.3935639345711,2.193987965652851,10960.022730849556,1102707.7151562336,227723050.3724572,249324413.10461387,43455715671.94858,469496.1143454706,613684.8517045213,57345.9608386046,824939.7736125848,317964.30160921,9817179.308631202,0.9540328754903485,11017429.3446916,1583163.8522325538,5255640.300463087
5.15506544115629,13.426133644495756,4.329657323858261,405.44722108475116,8.968176738809008,8078.994770047009,769601.8112254706,57103411.20951721,62692974.77613397,10878581694.29629,620584.4868754615,253510.1242762956,50465.87005808631,3009435.0977093144,1056094.749168688,32094225.621936716,0.9553196319135233,36210221.338872805,1398265.2928709793,13468339.072495248
5.798350355267308,12.95879306028145,2.385845725507951,375.2197487326484,4.088045517819453,8177.800884950623,718090.2531825643,87349776.65923339,69093581.639725,19467146307.080257,803479.8394663422,290505.5859086289,45746.44786126132,1608138.077780698,614636.2035072568,18771033.134792116,0.8547689196578504,21039553.86394133,1529747.893533857,8542932.514847634
0.3277937090158278,17.651457349836534,1.3449928277360206,378.320589703358,8.091485386139642,7411.844690371329,641546.992722763,36484316.48396904,19475352.231385008,5128469242.23552,310178.6318796562,224571.9889881735,44905.208214837054,499718.47773311875,279661.46544930467,1131841.5846338207,0.450364531558467,1956126.736031081,959137.4692927905,1611179.7146364842
3.9450416315117334,16.384598922707106,5.0,416.65960633876585,8.99,8228.83377888,810647.1514267107,61734370.28578918,72399465.00000001,11031316379.99561,362744.5495544782,278246.47471327084,53837.59325436457,2849641.696627517,770062.1068235317,24685882.41432505,0.9687322667424921,28359423.811030462,1181620.5347600689,10634761.805103557
5.949190256939463,12.568568660221732,3.388533547039131,421.1553797899407,8.721053518899524,7868.629148214034,776324.071960162,50601802.62740992,49065603.18803709,10855893555.407644,275999.751598897,212731.55627042145,54206.02009029839,3203285.397580648,1271920.4374708615,38160631.25938926,0.9533272375829951,42690043.11453107,1060192.452707273,15290206.824217629
0.7894746110583053,19.93540372271221,3.828218878558528,353.2353706618503,6.258179084997749,8252.145715003368,679725.1627382939,71519067.97781268,73909599.6561433,11845352766.163303,457122.4576377661,319661.0417488529,43654.31387490627,723981.2104145748,228684.16560132155,2098686.8224002672,0.7801636069702494,3095006.51229107,1145099.7660910634,2176768.60352142
5.869645810702126,21.305526496429565,1.9434997232777227,378.3479053493879,3.979401309377318,8269.66436103476,734570.720608863,108317357.70687674,75044448.10290942,25099353971.551308,1054592.657559561,319418.86737203103,46277.55934861173,1831961.5835072305,468500.57567333896,21241667.33534197,0.8265521050164124,23588407.05387115,1797433.0425294589,9660235.393819842
0.25,15.302504738637667,1.4026844622343988,376.6653056677427,2.216051363685382,8365.349559835964,741335.3921818973,147531481.00177622,81242883.70366654,4407964998.34695,70038.97582370875,713386.2613395868,46216.98006046741,98853.4573990168,69234.39522845931,232738.6059670176,0.09677308168573953,447043.4386549611,819739.717565442,968754.1971170957
1.8637868640366158,24.92589238030104,4.750416656040647,398.4367495342741,2.5852640762608896,11358.570141556194,1130852.4048262886,240040648.8624055,275142099.5395455,43560178037.67367,244919.73623667276,657012.3726244192,56424.14339131501,548562.5235141383,102970.37202423984,2695644.479233339,0.9563262569158343,3403601.518163032,1387130.7112045176,2521664.5505921952
0.591911009357666,20.574858064195006,4.886470205036218,376.2276631636203,4.341869883667562,9295.709998637429,840627.7932857267,121900134.38513988,141511131.433225,16766348733.107239,226945.84757689072,490297.9005729238,47646.6288781763,403555.1664932833,146168.5455053359,1020825.2932216175,0.7361815423348664,1618195.634098413,1076869.3508612548,1616267.8955607258
3.9093557729046995,16.37095002480108,4.742429616729936,374.6271608554941,8.78616821302718,8171.260104537715,716152.9191126624,59954984.985350475,68669873.41028048,10601601140.940655,1206324.5159651726,274882.87106223707,45666.35389242518,2826951.0345892617,762446.095196234,24323246.29719139,0.9309961522803608,27958309.78086931,1930648.6951823728,11250085.288805477
0.9490050749769696,17.780903844560317,3.4576477367132616,359.4440791730074,4.415734607906917,8656.952091460564,734342.4430688738,102158534.71213198,100132738.5186004,17452602553.913994,291409.50740869856,394664.75612969376,44710.996127838276,506549.89422884147,158411.2636332976,1640230.324835692,0.7663137675603336,2349902.4788256697,1034408.902569033,1817709.7288442561
3.4125601028493415,21.341944775989898,2.4020969959652176,355.137235305933,1.07068572092455,11406.6526700551,1003171.9684863556,350297261.8176026,278256859.8175823,72473968019.55632,574197.623265728,758339.7986042115,47723.721719226254,392643.7438623634,82688.68584567569,3024699.8274802947,0.7955518283239966,3547755.97890756,1588776.2444221387,2771361.5707246587
1.334936593720834,11.797641518081877,1.0820527542798535,357.2380855582674,3.2556049007650656,7756.182268603055,637621.7413100676,92447561.35030745,41781354.939540185,15848740021.55751,172246.23847782047,369476.2755197136,43398.256830730046,359758.10734066763,131856.1452033598,1469679.9676510044,0.5219181912619788,2004692.477025762,817624.162056491,1485854.987731745
3.373645141265336,22.640869632088652,5.0,378.7697171627333,8.99,8228.83377888,731031.699052929,61734370.28578918,72399465.00000001,10706609658.050016,1356545.7351152452,283393.3532967332,46265.36619475987,3265425.992623505,654010.2492657935,24888266.999791674,0.9402176391186032,28853968.607875735,2095806.267947054,11713795.803905632
5.405100627401537,12.850101431076178,4.051078574353337,360.7824969572456,5.232898565028811,8560.03798382483,727348.8344537077,88286228.55743738,93854694.86596617,16264314870.595152,1209160.1346212279,342955.297536864,44719.37606106518,1886019.3433062139,701071.7730718442,20875113.15648679,0.8926726233788981,23506923.648925915,1945069.0070587604,9780710.223367399
0.25,11.801539685752466,1.9059255999446882,361.74063168051254,7.781842806774887,7598.088299834516,630100.4782132299,46125067.5420796,31540112.860754162,2646977069.3610544,231894.8393894972,320593.2256347354,43576.556762031214,301020.691608361,242320.38329960758,769356.8612744245,0.2033923701466927,1356274.4929444243,869593.4059025616,1321684.903550703
5.661136261398667,19.77003142679384,2.91000357685339,357.4495820195015,6.843329061381472,7978.485738597128,660704.4205824843,63061269.42841504,56182053.89660582,12788141047.164417,2009327.517167808,257416.67627177286,43684.59898191915,3343621.6754100164,893358.1607457909,37820282.60727487,0.8422579253443021,42100947.042412594,2678010.4234888894,16711659.43762642
5.08703130382536,7.545676704494842,1.0,394.7013814386335,8.99,7334.729827776,663117.097313737,34100986.69800291,14479893.0,7864515459.964013,364736.8523721407,153283.2605265505,46859.14169790285,1877021.4680656965,1038616.8538660011,20065749.319187637,0.6906347008755942,23028246.782817237,1035188.6795136537,8711270.940452732
5.393245194918376,18.198519678461388,5.0,410.01387417075927,8.927935369979343,8228.83377888,796682.9254968675,61734370.28578918,72399465.00000001,10987874866.863596,774409.805921053,278938.14907841734,51940.930282236346,4002239.1664763596,1118554.5196384944,43759598.6260691,0.9649173824587438,48932333.24246619,1579321.5651968005,17890099.31268553
1.0953098344682057,12.936290611810842,3.1854512573172453,350.4316072739033,4.622720717592266,8535.266117608275,702074.9207203065,98397679.84893443,92249986.72533835,15403413939.768003,253739.62402293415,403720.31570902944,43743.33855796494,445232.9438850683,164522.8744447903,1607741.5009529071,0.6763374191906867,2261240.6578407306,964349.8108608489,1718096.696807759
4.881926293656901,16.47215624895731,1.0,351.7388597456973,7.874553032911525,7366.662111744,587825.6466743416,38972556.226289034,16548449.142857146,7555408314.011528,1446076.9402129208,195995.53859329826,42535.58429911055,2975692.393426145,863548.13715928,30268596.64273789,0.5805537275711173,34150372.75762243,2041269.2489990066,13424726.83487315
4.478621204410342,18.94207308839338,1.1494916646467432,372.7465001095941,5.267389894338774,7522.309855648707,643014.1514841913,56213962.921748705,26631226.093562763,12486585562.96118,909564.0190262522,219858.06152666686,44489.33474755901,2221008.109084804,556015.3634653435,21072166.27512115,0.6853306259881671,23893679.082418855,1560100.4803660922,9524660.17450571
0.9913271975769139,14.806675300944153,5.0,371.7115979297028,4.058017594702452,9346.46371776,835058.1656427266,123468740.57157835,144798930.00000003,19121383566.959225,223579.41227310203,469296.82783882384,47092.843146381456,457280.7421789658,160116.58386452874,1543413.586860766,0.8395870722946496,2207903.7560506416,1067984.0416335887,1803951.9603171358
5.945139144431121,22.634026197830963,1.0,351.94102388100754,5.751780078029343,7468.8454204416,598444.2552004919,54561578.71680464,23167828.800000004,10546363013.51398,1898739.8165496672,243626.74949349268,42663.26235143234,3243896.710288558,794228.1541670553,37896468.4531101,0.5788408311868355,41977256.57991715,2504652.9171706005,16497071.777142983
4.969581090039689,19.064521916581466,5.0,348.0595098078825,6.1220522215721545,8601.37709184,703418.7488402404,82312493.71438555,96532620.0,13483335829.789272,2238985.451363939,351843.5089836737,43619.78851380325,2916591.4453098704,756620.2441750008,29927917.25852478,0.8880451365710369,33644748.73652346,2951005.5772960195,14165921.82280384
1.9852882097149505,11.792527001429384,1.1447792830936754,373.2131894978476,8.329917502439883,7367.091760039013,627315.0797478609,35101172.064325966,16576281.527813131,7950359785.075013,387087.38988552114,159320.9888651144,44308.44504608754,1284989.2101583688,427646.35828068445,6811986.054669002,0.6981732542800242,8568930.068154143,1021769.561393421,3878079.584111469
4.045111671775504,8.813890283114887,5.0,371.35955545038604,5.064704391382633,8899.411742207998,786703.1464629739,98774992.45726267,115839144.0,16951968964.630705,551641.1127484592,385222.05799024634,46372.33281138468,1107739.9850090393,494797.4447155992,9929589.57797143,0.930414759397782,11578499.340507453,1347243.6709536412,5206743.451122792
3.5494818196044737,12.119701827024375,1.3717189824118043,367.0292844082001,4.212482148055203,7724.433520989375,653445.0169918182,73337900.00992928,39724688.18278362,16455806559.175474,447152.26667885046,257902.16546799452,44216.85645545601,1028299.1545816961,344185.2976274526,8299561.194352191,0.7225461694695937,9716262.503016796,1108321.717191658,4347075.884863923
4.678558519540211,13.972745062787052,4.866872906885979,367.513326423912,8.967713200659926,8199.07641389194,704253.1060288012,60814682.2783025,70471798.93630792,10501936180.075489,1394551.669087517,281399.7618678223,44919.82003926909,2874166.831425455,937122.4069785428,28448419.489732713,0.9222439181744841,32304628.54817598,2107003.85153021,12875213.36758887
3.4644524016840808,8.258093596444551,5.0,364.9070702819682,6.989050867849803,8601.37709184,740744.5712513877,82312493.71438555,96532620.0,14001856208.714136,529511.7850737232,344561.0281946586,45199.101265390585,1120537.1991841118,503702.0940399533,8954346.11757759,0.9221961438981603,10623784.512067046,1278857.7334169508,4820119.237439299
0.36585642624280224,16.502813055853842,1.0,368.7562942005705,7.855942960957555,7366.662111744,619082.8694956328,38972556.226289034,16548449.142857146,4561891230.795419,299937.0914920712,250045.09769760628,43886.1714055352,447459.18110541214,246025.05955265692,1044414.2390256607,0.35053339922089505,1781784.651089265,926386.6230994482,1520314.8401292032
